,id,target predicted
0,3,1.4590812074490305
1,25,1.3404571660928402
2,55,1.3742158935098745
3,69,1.5208906850260802
4,109,1.390150277438709
5,112,1.3509690420749347
6,117,1.4237280331119342
7,126,1.27384329000766
8,144,1.5591078143810833
9,145,1.4417825147884755
